{"r_2_score": -12.911206142601355, "mae": 87.72972972972973, "rmse": 115.18962040326657, "mape": 25.805479138814313}