{"r_2_score": -4.069331224125745, "mae": 187.05263157894737, "rmse": 241.68204427783994, "mape": 27.118367057574655}