{"r_2_score": -3.729499549216839, "mae": 193.66140902143388, "rmse": 236.89296419478, "mape": 28.419330708461587}