{"r_2_score": -13.979096476000397, "mae": 93.31638665171856, "rmse": 119.52913123315857, "mape": 27.481663310216796}