{"r_2_score": -6.162491340544184, "mae": 465.13810703393057, "rmse": 565.5807972897685, "mape": 34.34822976188803}