{"r_2_score": -5.23297661419259, "mae": 450.3333333333333, "rmse": 525.9749677186802, "mape": 33.33073355944738}